PENTAD,PENTAD ID,POINT SITE FARM,BioGaps Track No,Track Date ,Track time,Family,Genus,SPECIES,NO_SPEC,DETERMINED,Country,Prov,Distr,Locality,QDS,LAT1,LONG1,LATDEC1,LONDEC1,LAT2,LONG2,LATDEC2,LONDEC2,ALT,DD1,MM1,YYYY1,DD2,MM2,YYYY2,Collectors,MAIN VEGETATION TYPE,BIOREGION,GENERAL HABITAT,COLLECTION METHOD,WEATHER AT NIGHT,SPECIMEN DATA
3240_2020,2223,Rooiheuwel,2017/02/17 22:34,2017/02/17, 22:34:35,Buthidae,Uroplectes,carinatus,12,"L. Prendini, 2017",South Africa,Western Cape Prov.,Ceres Distr.,"Farm Rooiheuwel on Roodeheuvel 170, N of homestead",3220CB,"32°41'03.9""S","20°21'39.3""E",-32.68441667,20.36091667,,,,,639 m,17,2,2017,18,2,2017,L. Prendini & R. Christiaan,Koedoesberge-Moordenaars Karoo,Rainshadow Valley Karoo Bioregion,"succulent karoo on flat plain with dry watercourse and low rocky ridges in places, other areas with flat, clayey plains along riverbed, soil hard reddish-brown clayey-loam to sandy-clay, scattered Acacia karoo along riverbed, spiny bushes and mesems elsewhere","night, UV light detection","warm night, mostly still with light breeze, dark from sunset to 11:45 pm","fairly common, sitting on bushes or ground"
3240_2020,2223,Rooiheuwel,2017/02/17 22:34,2017/02/17, 22:34:35,Scorpionidae,Opistophthalmus,laticauda,7,"L. Prendini, 2017",South Africa,Western Cape Prov.,Ceres Distr.,"Farm Rooiheuwel on Roodeheuvel 170, N of homestead",3220CB,"32°41'03.9""S","20°21'39.3""E",-32.68441667,20.36091667,,,,,639 m,17,2,2017,18,2,2017,L. Prendini & R. Christiaan,Koedoesberge-Moordenaars Karoo,Rainshadow Valley Karoo Bioregion,"succulent karoo on flat plain with dry watercourse and low rocky ridges in places, other areas with flat, clayey plains along riverbed, soil hard reddish-brown clayey-loam to sandy-clay, scattered Acacia karoo along riverbed, spiny bushes and mesems elsewhere","night, UV light detection","warm night, mostly still with light breeze, dark from sunset to 11:45 pm","uncommon, male on surface, female, juv. excavated from burrows ca. 20 cm deep in open ground in clayey area"
3240_2020,2223,Rooiheuwel,2017/02/17 22:34,2017/02/17, 22:34:35,Scorpionidae,Opistophthalmus,pallipes,5,"L. Prendini, 2017",South Africa,Western Cape Prov.,Ceres Distr.,"Farm Rooiheuwel on Roodeheuvel 170, N of homestead",3220CB,"32°41'03.9""S","20°21'39.3""E",-32.68441667,20.36091667,,,,,639 m,17,2,2017,18,2,2017,L. Prendini & R. Christiaan,Koedoesberge-Moordenaars Karoo,Rainshadow Valley Karoo Bioregion,"succulent karoo on flat plain with dry watercourse and low rocky ridges in places, other areas with flat, clayey plains along riverbed, soil hard reddish-brown clayey-loam to sandy-clay, scattered Acacia karoo along riverbed, spiny bushes and mesems elsewhere","night, UV light detection","warm night, mostly still with light breeze, dark from sunset to 11:45 pm",uncommon along edge of riverbed and in rocky areas
3240_2020,2223,Rooiheuwel,2017/02/17 22:41,2017/02/17, 22:41:03,Buthidae,Parabuthus,capensis,4,"L. Prendini, 2017",South Africa,Western Cape Prov.,Ceres Distr.,"Farm Rooiheuwel on Roodeheuvel 170, N of homestead",3220CB,"32°41'03.9""S","20°21'39.3""E",-32.68441667,20.36091667,,,,,639 m,17,2,2017,18,2,2017,L. Prendini & R. Christiaan,Koedoesberge-Moordenaars Karoo,Rainshadow Valley Karoo Bioregion,"succulent karoo on flat plain with dry watercourse and low rocky ridges in places, other areas with flat, clayey plains along riverbed, soil hard reddish-brown clayey-loam to sandy-clay, scattered Acacia karoo along riverbed, spiny bushes and mesems elsewhere","night, UV light detection","warm night, mostly still with light breeze, dark from sunset to 11:45 pm",sitting or walking on ground or bushes
3240_2020,2223,Rooiheuwel,2017/02/17 22:41,2017/02/17, 22:41:03,Scorpionidae,Opistophthalmus,pallipes,5,"L. Prendini, 2017",South Africa,Western Cape Prov.,Ceres Distr.,"Farm Rooiheuwel on Roodeheuvel 170, N of homestead",3220CB,"32°41'03.9""S","20°21'39.3""E",-32.68441667,20.36091667,,,,,639 m,17,2,2017,18,2,2017,L. Prendini & R. Christiaan,Koedoesberge-Moordenaars Karoo,Rainshadow Valley Karoo Bioregion,"succulent karoo on flat plain with dry watercourse and low rocky ridges in places, other areas with flat, clayey plains along riverbed, soil hard reddish-brown clayey-loam to sandy-clay, scattered Acacia karoo along riverbed, spiny bushes and mesems elsewhere","night, UV light detection","warm night, mostly still with light breeze, dark from sunset to 11:45 pm",uncommon along edge of riverbed and in rocky areas
3240_2020,2223,Rooiheuwel,2017/02/17 23:49,2017/02/17, 23:49:51,Buthidae,Parabuthus,capensis,1,"L. Prendini, 2017",South Africa,Western Cape Prov.,Ceres Distr.,"Farm Rooiheuwel on Roodeheuvel 170, N of homestead",3220CB,"32°40'03.9""S","20°21'48.9""E",-32.66775,20.36358333,,,,,628 m,17,2,2017,,,,L. Prendini & R. Christiaan,Koedoesberge-Moordenaars Karoo,Rainshadow Valley Karoo Bioregion,"succulent karoo on flat plain with dry watercourse and low rocky ridges in places, other areas with flat, clayey plains along riverbed, soil hard reddish-brown clayey-loam to sandy-clay, scattered Acacia karoo along riverbed, spiny bushes and mesems elsewhere","night, UV light detection","warm night, mostly still with light breeze, dark from sunset to 11:45 pm","uncommon, sitting or walking on ground or bushes"
3240_2020,2223,Rooiheuwel,2017/02/17 23:49,2017/02/17, 23:49:51,Buthidae,Uroplectes,ansiedippenaarae,2,"L. Prendini, 2017",South Africa,Western Cape Prov.,Ceres Distr.,"Farm Rooiheuwel on Roodeheuvel 170, N of homestead",3220CB,"32°40'03.9""S","20°21'48.9""E",-32.66775,20.36358333,,,,,628 m,17,2,2017,,,,L. Prendini & R. Christiaan,Koedoesberge-Moordenaars Karoo,Rainshadow Valley Karoo Bioregion,"succulent karoo on flat plain with dry watercourse and low rocky ridges in places, other areas with flat, clayey plains along riverbed, soil hard reddish-brown clayey-loam to sandy-clay, scattered Acacia karoo along riverbed, spiny bushes and mesems elsewhere","night, UV light detection","warm night, mostly still with light breeze, dark from sunset to 11:45 pm","sitting on ground in open, rocky area"
3240_2020,2223,Rooiheuwel,2017/02/17 23:49,2017/02/17, 23:49:51,Buthidae,Uroplectes,carinatus,5,"L. Prendini, 2017",South Africa,Western Cape Prov.,Ceres Distr.,"Farm Rooiheuwel on Roodeheuvel 170, N of homestead",3220CB,"32°40'03.9""S","20°21'48.9""E",-32.66775,20.36358333,,,,,628 m,17,2,2017,,,,L. Prendini & R. Christiaan,Koedoesberge-Moordenaars Karoo,Rainshadow Valley Karoo Bioregion,"succulent karoo on flat plain with dry watercourse and low rocky ridges in places, other areas with flat, clayey plains along riverbed, soil hard reddish-brown clayey-loam to sandy-clay, scattered Acacia karoo along riverbed, spiny bushes and mesems elsewhere","night, UV light detection","warm night, mostly still with light breeze, dark from sunset to 11:45 pm","uncommon, sitting on bushes or ground"
3240_2020,2223,Rooiheuwel,2017/02/17 23:49,2017/02/17, 23:49:51,Scorpionidae,Opistophthalmus,laticauda,1,"L. Prendini, 2017",South Africa,Western Cape Prov.,Ceres Distr.,"Farm Rooiheuwel on Roodeheuvel 170, N of homestead",3220CB,"32°40'03.9""S","20°21'48.9""E",-32.66775,20.36358333,,,,,628 m,17,2,2017,,,,L. Prendini & R. Christiaan,Koedoesberge-Moordenaars Karoo,Rainshadow Valley Karoo Bioregion,"succulent karoo on flat plain with dry watercourse and low rocky ridges in places, other areas with flat, clayey plains along riverbed, soil hard reddish-brown clayey-loam to sandy-clay, scattered Acacia karoo along riverbed, spiny bushes and mesems elsewhere","night, UV light detection","warm night, mostly still with light breeze, dark from sunset to 11:45 pm","male sitting on ground in open, rocky area"
3240_2020,2223,Rooiheuwel,2017/02/17 23:49,2017/02/17, 23:49:51,Scorpionidae,Opistophthalmus,pallipes,3,"L. Prendini, 2017",South Africa,Western Cape Prov.,Ceres Distr.,"Farm Rooiheuwel on Roodeheuvel 170, N of homestead",3220CB,"32°40'03.9""S","20°21'48.9""E",-32.66775,20.36358333,,,,,628 m,17,2,2017,,,,L. Prendini & R. Christiaan,Koedoesberge-Moordenaars Karoo,Rainshadow Valley Karoo Bioregion,"succulent karoo on flat plain with dry watercourse and low rocky ridges in places, other areas with flat, clayey plains along riverbed, soil hard reddish-brown clayey-loam to sandy-clay, scattered Acacia karoo along riverbed, spiny bushes and mesems elsewhere","night, UV light detection","warm night, mostly still with light breeze, dark from sunset to 11:45 pm",uncommon along edge of riverbed and in rocky areas
3240_2020,2223,Rooiheuwel,2017/02/17 23:54,2017/02/17, 23:54:42,Buthidae,Uroplectes,carinatus,2,"L. Prendini, 2017",South Africa,Western Cape Prov.,Ceres Distr.,"Farm Rooiheuwel on Roodeheuvel 170, N of homestead",3220CB,"32°40'03.9""S","20°21'48.9""E",-32.66775,20.36358333,,,,,628 m,17,2,2017,,,,L. Prendini & R. Christiaan,Koedoesberge-Moordenaars Karoo,Rainshadow Valley Karoo Bioregion,"succulent karoo on flat plain with dry watercourse and low rocky ridges in places, other areas with flat, clayey plains along riverbed, soil hard reddish-brown clayey-loam to sandy-clay, scattered Acacia karoo along riverbed, spiny bushes and mesems elsewhere","night, UV light detection","warm night, mostly still with light breeze, dark from sunset to 11:45 pm","uncommon, sitting on bushes or ground"
3240_2020,2223,Rooiheuwel,2017/02/17 23:54,2017/02/17, 23:54:42,Scorpionidae,Opistophthalmus,pallipes,1,"L. Prendini, 2017",South Africa,Western Cape Prov.,Ceres Distr.,"Farm Rooiheuwel on Roodeheuvel 170, N of homestead",3220CB,"32°40'03.9""S","20°21'48.9""E",-32.66775,20.36358333,,,,,628 m,17,2,2017,,,,L. Prendini & R. Christiaan,Koedoesberge-Moordenaars Karoo,Rainshadow Valley Karoo Bioregion,"succulent karoo on flat plain with dry watercourse and low rocky ridges in places, other areas with flat, clayey plains along riverbed, soil hard reddish-brown clayey-loam to sandy-clay, scattered Acacia karoo along riverbed, spiny bushes and mesems elsewhere","night, UV light detection","warm night, mostly still with light breeze, dark from sunset to 11:45 pm",uncommon along edge of riverbed and in rocky areas
3230_2050,2487,Portugalsrivier,2017/02/18 22:07,2017/02/18, 22:07:27,Buthidae,Parabuthus,capensis,2,"L. Prendini, 2017",South Africa,Northern Cape Prov.,Sutherland Distr.,"Farm Portugals Rivier 218, near Portugalsrivier windpump",3220DB ,"32°30'58.9""S","20°53'16.3""E",-32.51636111,20.88786111,,,,,1417 m,18,2,2017,,,,L. Prendini & R. Christiaan,Roggeveld Karoo,Trans-Escarpment Succulent Karoo Bioregion,"Nama karoo on flats and low rocky ridges intersected by dry watercourse, small, mostly spiny bushes on ridges, reeds and larger bushes on watercourse, predominantly sandy-loam soil with sandstone rocks","night, UV light detection","cold, fairly windy night, temperature dropped before sunset and continued to drop steadily throughout evening, wind stronger at sunset than later, storm on horizon","uncommon, in riverbed, walking on sandy ground"
3230_2050,2487,Portugalsrivier,2017/02/18 22:07,2017/02/18, 22:07:27,Buthidae,Parabuthus,planicauda,11,"L. Prendini, 2017",South Africa,Northern Cape Prov.,Sutherland Distr.,"Farm Portugals Rivier 218, near Portugalsrivier windpump",3220DB ,"32°30'58.9""S","20°53'16.3""E",-32.51636111,20.88786111,,,,,1417 m,18,2,2017,,,,L. Prendini & R. Christiaan,Roggeveld Karoo,Trans-Escarpment Succulent Karoo Bioregion,"Nama karoo on flats and low rocky ridges intersected by dry watercourse, small, mostly spiny bushes on ridges, reeds and larger bushes on watercourse, predominantly sandy-loam soil with sandstone rocks","night, UV light detection","cold, fairly windy night, temperature dropped before sunset and continued to drop steadily throughout evening, wind stronger at sunset than later, storm on horizon","uncommon, in rocky areas, walking on ground or sitting on bushes"
3230_2050,2487,Portugalsrivier,2017/02/18 22:07,2017/02/18, 22:07:27,Buthidae,Uroplectes,carinatus,16,"L. Prendini, 2017",South Africa,Northern Cape Prov.,Sutherland Distr.,"Farm Portugals Rivier 218, near Portugalsrivier windpump",3220DB ,"32°30'58.9""S","20°53'16.3""E",-32.51636111,20.88786111,,,,,1417 m,18,2,2017,,,,L. Prendini & R. Christiaan,Roggeveld Karoo,Trans-Escarpment Succulent Karoo Bioregion,"Nama karoo on flats and low rocky ridges intersected by dry watercourse, small, mostly spiny bushes on ridges, reeds and larger bushes on watercourse, predominantly sandy-loam soil with sandstone rocks","night, UV light detection","cold, fairly windy night, temperature dropped before sunset and continued to drop steadily throughout evening, wind stronger at sunset than later, storm on horizon","fairly common in all areas except riverbed, sitting on bushes or ground, or walking on ground"
3230_2050,2487,Portugalsrivier,2017/02/18 22:07,2017/02/18, 22:07:51,Buthidae,Parabuthus,planicauda,1,"L. Prendini, 2017",South Africa,Northern Cape Prov.,Sutherland Distr.,"Farm Portugals Rivier 218, near Portugalsrivier windpump",3220DB ,"32°30'58.9""S","20°53'16.3""E",-32.51636111,20.88786111,,,,,1417 m,18,2,2017,,,,L. Prendini & R. Christiaan,Roggeveld Karoo,Trans-Escarpment Succulent Karoo Bioregion,"Nama karoo on flats and low rocky ridges intersected by dry watercourse, small, mostly spiny bushes on ridges, reeds and larger bushes on watercourse, predominantly sandy-loam soil with sandstone rocks","night, UV light detection","cold, fairly windy night, temperature dropped before sunset and continued to drop steadily throughout evening, wind stronger at sunset than later, storm on horizon","uncommon, in rocky areas, walking on ground or sitting on bushes"
3230_2050,2487,Portugalsrivier,2017/02/18 22:07,2017/02/18, 22:07:51,Buthidae,Uroplectes,carinatus,8,"L. Prendini, 2017",South Africa,Northern Cape Prov.,Sutherland Distr.,"Farm Portugals Rivier 218, near Portugalsrivier windpump",3220DB ,"32°30'58.9""S","20°53'16.3""E",-32.51636111,20.88786111,,,,,1417 m,18,2,2017,,,,L. Prendini & R. Christiaan,Roggeveld Karoo,Trans-Escarpment Succulent Karoo Bioregion,"Nama karoo on flats and low rocky ridges intersected by dry watercourse, small, mostly spiny bushes on ridges, reeds and larger bushes on watercourse, predominantly sandy-loam soil with sandstone rocks","night, UV light detection","cold, fairly windy night, temperature dropped before sunset and continued to drop steadily throughout evening, wind stronger at sunset than later, storm on horizon","fairly common in all areas except riverbed, sitting on bushes or ground, or walking on ground"
3215_2115,2883,Driefontein,2017/02/23 21:03,2017/02/23, 21:03:01,Buthidae,Parabuthus,capensis,5,"L. Prendini, 2017",South Africa,Northern Cape Prov.,Fraserburg Distr.,Farm Agtersteland on Driefontein 464,3221AB ,"32°14'39.6""S","21°20'34.0""E",-32.24433333,21.34277778,,,,,1388 m,23,2,2017,,,,L. Prendini & R. Christiaan,Roggeveld Karoo,Trans-Escarpment Succulent Karoo Bioregion,"Nama karoo on steep, rocky sandstone slopes bordering sandy riverbed, slopes with many loose sandstone slabs and bushes on shaley-loam base, riverbed dominated by grasses and spiny bushes","night, UV light detection","warm, moonless night, still at first, became windy later, then rained",walking on ground surface on sandy riverbed
3215_2115,2883,Driefontein,2017/02/23 21:03,2017/02/23, 21:03:01,Buthidae,Parabuthus,granulatus,2,"L. Prendini, 2017",South Africa,Northern Cape Prov.,Fraserburg Distr.,Farm Agtersteland on Driefontein 464,3221AB ,"32°14'39.6""S","21°20'34.0""E",-32.24433333,21.34277778,,,,,1388 m,23,2,2017,,,,L. Prendini & R. Christiaan,Roggeveld Karoo,Trans-Escarpment Succulent Karoo Bioregion,"Nama karoo on steep, rocky sandstone slopes bordering sandy riverbed, slopes with many loose sandstone slabs and bushes on shaley-loam base, riverbed dominated by grasses and spiny bushes","night, UV light detection","warm, moonless night, still at first, became windy later, then rained",walking on ground surface on sandy riverbed
3215_2115,2883,Driefontein,2017/02/23 21:03,2017/02/23, 21:03:01,Buthidae,Uroplectes,carinatus,21,"L. Prendini, 2017",South Africa,Northern Cape Prov.,Fraserburg Distr.,Farm Agtersteland on Driefontein 464,3221AB ,"32°14'39.6""S","21°20'34.0""E",-32.24433333,21.34277778,,,,,1388 m,23,2,2017,,,,L. Prendini & R. Christiaan,Roggeveld Karoo,Trans-Escarpment Succulent Karoo Bioregion,"Nama karoo on steep, rocky sandstone slopes bordering sandy riverbed, slopes with many loose sandstone slabs and bushes on shaley-loam base, riverbed dominated by grasses and spiny bushes","night, UV light detection","warm, moonless night, still at first, became windy later, then rained",sitting in bushes on sandy riverbed
3215_2115,2883,Driefontein,2017/02/23 21:34,2017/02/23, 21:34:45,Buthidae,Parabuthus,capensis,8,"L. Prendini, 2017",South Africa,Northern Cape Prov.,Fraserburg Distr.,Farm Agtersteland on Driefontein 464,3221AB ,"32°14'39.6""S","21°20'34.0""E",-32.24433333,21.34277778,,,,,1388 m,23,2,2017,,,,L. Prendini & R. Christiaan,Roggeveld Karoo,Trans-Escarpment Succulent Karoo Bioregion,"Nama karoo on steep, rocky sandstone slopes bordering sandy riverbed, slopes with many loose sandstone slabs and bushes on shaley-loam base, riverbed dominated by grasses and spiny bushes","night, UV light detection","warm, moonless night, still at first, became windy later, then rained",walking on ground surface on sandy riverbed
3215_2115,2883,Driefontein,2017/02/23 21:34,2017/02/23, 21:34:45,Buthidae,Parabuthus,granulatus,2,"L. Prendini, 2017",South Africa,Northern Cape Prov.,Fraserburg Distr.,Farm Agtersteland on Driefontein 464,3221AB ,"32°14'39.6""S","21°20'34.0""E",-32.24433333,21.34277778,,,,,1388 m,23,2,2017,,,,L. Prendini & R. Christiaan,Roggeveld Karoo,Trans-Escarpment Succulent Karoo Bioregion,"Nama karoo on steep, rocky sandstone slopes bordering sandy riverbed, slopes with many loose sandstone slabs and bushes on shaley-loam base, riverbed dominated by grasses and spiny bushes","night, UV light detection","warm, moonless night, still at first, became windy later, then rained",walking on ground surface on sandy riverbed
3215_2115,2883,Driefontein,2017/02/23 21:34,2017/02/23, 21:34:45,Buthidae,Uroplectes,carinatus,19,"L. Prendini, 2017",South Africa,Northern Cape Prov.,Fraserburg Distr.,Farm Agtersteland on Driefontein 464,3221AB ,"32°14'39.6""S","21°20'34.0""E",-32.24433333,21.34277778,,,,,1388 m,23,2,2017,,,,L. Prendini & R. Christiaan,Roggeveld Karoo,Trans-Escarpment Succulent Karoo Bioregion,"Nama karoo on steep, rocky sandstone slopes bordering sandy riverbed, slopes with many loose sandstone slabs and bushes on shaley-loam base, riverbed dominated by grasses and spiny bushes","night, UV light detection","warm, moonless night, still at first, became windy later, then rained",sitting in bushes on sandy riverbed
3215_2115,2883,Driefontein,2017/02/23 21:34,2017/02/23, 21:34:45,Scorpionidae,Opistophthalmus,karrooensis,3,"L. Prendini, 2017",South Africa,Northern Cape Prov.,Fraserburg Distr.,Farm Agtersteland on Driefontein 464,3221AB ,"32°14'39.6""S","21°20'34.0""E",-32.24433333,21.34277778,,,,,1388 m,23,2,2017,24,2,2017,L. Prendini & R. Christiaan,Roggeveld Karoo,Trans-Escarpment Succulent Karoo Bioregion,"Nama karoo on steep, rocky sandstone slopes bordering sandy riverbed, slopes with many loose sandstone slabs and bushes on shaley-loam base, riverbed dominated by grasses and spiny bushes","night, UV light detection, day, rock-rolling","warm, moonless night, still at first, became windy later, then rained","on rocky slopes, female spotted doorkeeping at burrow entrance below stone, 2 juvs sitting on ground in open, rest collected next day from scrapes under stones"
3215_2115,2883,Driefontein,2017/02/23 21:35,2017/02/23, 21:35:03,Buthidae,Parabuthus,capensis,1,"L. Prendini, 2017",South Africa,Northern Cape Prov.,Fraserburg Distr.,Farm Agtersteland on Driefontein 464,3221AB ,"32°14'39.6""S","21°20'34.0""E",-32.24433333,21.34277778,,,,,1388 m,23,2,2017,,,,L. Prendini & R. Christiaan,Roggeveld Karoo,Trans-Escarpment Succulent Karoo Bioregion,"Nama karoo on steep, rocky sandstone slopes bordering sandy riverbed, slopes with many loose sandstone slabs and bushes on shaley-loam base, riverbed dominated by grasses and spiny bushes","night, UV light detection","warm, moonless night, still at first, became windy later, then rained",walking on ground surface on sandy riverbed
3215_2115,2883,Driefontein,2017/02/23 21:35,2017/02/23, 21:35:03,Buthidae,Uroplectes,carinatus,6,"L. Prendini, 2017",South Africa,Northern Cape Prov.,Fraserburg Distr.,Farm Agtersteland on Driefontein 464,3221AB ,"32°14'39.6""S","21°20'34.0""E",-32.24433333,21.34277778,,,,,1388 m,23,2,2017,,,,L. Prendini & R. Christiaan,Roggeveld Karoo,Trans-Escarpment Succulent Karoo Bioregion,"Nama karoo on steep, rocky sandstone slopes bordering sandy riverbed, slopes with many loose sandstone slabs and bushes on shaley-loam base, riverbed dominated by grasses and spiny bushes","night, UV light detection","warm, moonless night, still at first, became windy later, then rained",sitting in bushes on sandy riverbed
3215_2115,2883,Driefontein,,,,Scorpionidae,Opistophthalmus,karrooensis,7,"L. Prendini, 2017",South Africa,Northern Cape Prov.,Fraserburg Distr.,Farm Agtersteland on Driefontein 464,3221AB ,"32°14'39.6""S","21°20'34.0""E",-32.24433333,21.34277778,,,,,1388 m,23,2,2017,24,2,2017,L. Prendini & R. Christiaan,Roggeveld Karoo,Trans-Escarpment Succulent Karoo Bioregion,"Nama karoo on steep, rocky sandstone slopes bordering sandy riverbed, slopes with many loose sandstone slabs and bushes on shaley-loam base, riverbed dominated by grasses and spiny bushes","night, UV light detection, day, rock-rolling","warm, moonless night, still at first, became windy later, then rained","on rocky slopes, female spotted doorkeeping at burrow entrance below stone, 2 juvs sitting on ground in open, rest collected next day from scrapes under stones"
3210_2150,3021,Rietvlei,2017/02/28 21:20,2017/02/28, 21:20:04,Buthidae,Parabuthus,capensis,1,"L. Prendini, 2017",South Africa,Northern Cape Prov.,Fraserburg Distr.,Farm Rietvlei on Layton 452,3221BB,"32°13'49""S","21°53'56.1""E",-32.23027778,21.89891667,,,,,984 m,28,2,2017,,,,L. Prendini & R. Christiaan,Eastern Upper Karoo,Upper Karoo Bioregion,"Nama karoo on low rocky dolerite and shale ridges intersected by dry watercourses with Acacia karoo thicket, very dry sandy to shaley-loam","night, UV light detection","warm, moonless night (moon set shortly after sunset), slight breeze",specimen walking on ground near riverbed
3210_2150,3021,Rietvlei,2017/02/28 21:20,2017/02/28, 21:20:04,Scorpionidae,Opistophthalmus,karrooensis,2,"L. Prendini, 2017",South Africa,Northern Cape Prov.,Fraserburg Distr.,Farm Rietvlei on Layton 452,3221BB,"32°13'49""S","21°53'56.1""E",-32.23027778,21.89891667,,,,,984 m,28,2,2017,,,,L. Prendini & R. Christiaan,Eastern Upper Karoo,Upper Karoo Bioregion,"Nama karoo on low rocky dolerite and shale ridges intersected by dry watercourses with Acacia karoo thicket, very dry sandy to shaley-loam","night, UV light detection","warm, moonless night (moon set shortly after sunset), slight breeze","two females, 1 juv. doorkeeping below stones (one female in rock crevice) near dry riverbed, other female found dead on sand"
3210_2150,3021,Rietvlei,2017/02/28 21:22,2017/02/28, 21:22:46,Scorpionidae,Opistophthalmus,karrooensis,1,"L. Prendini, 2017",South Africa,Northern Cape Prov.,Fraserburg Distr.,Farm Rietvlei on Layton 452,3221BB,"32°13'49""S","21°53'56.1""E",-32.23027778,21.89891667,,,,,984 m,28,2,2017,,,,L. Prendini & R. Christiaan,Eastern Upper Karoo,Upper Karoo Bioregion,"Nama karoo on low rocky dolerite and shale ridges intersected by dry watercourses with Acacia karoo thicket, very dry sandy to shaley-loam","night, UV light detection","warm, moonless night (moon set shortly after sunset), slight breeze","two females, 1 juv. doorkeeping below stones (one female in rock crevice) near dry riverbed, other female found dead on sand"
3210_2150,3021,,,,,Buthidae,Parabuthus,capensis,1,"L. Prendini, 2017",South Africa,Northern Cape Prov.,Fraserburg Distr.,"Farm Tamboershoek on Layton 452, canyon slopes opposite and below chalet S of homestead",3221BB,"32°12'27.3""S","21°53'13.6""E",-32.20758333,21.88711111,,,,,1042 m,28,2,2017,,,,L. Prendini & R. Christiaan,Eastern Upper Karoo,Upper Karoo Bioregion,"Nama karoo on rocky sandstone slopes with shaley-loam soil above steep-sided, dry canyon","night, UV light detection","cool, still, moonless night","specimens doorkeeping at burrow entrances below stones, one female in canyon wall, one male sitting on ground in open"
3210_2150,3021,,,,,Buthidae,Uroplectes,schlechteri,4,"L. Prendini, 2017",South Africa,Northern Cape Prov.,Fraserburg Distr.,"Farm Tamboershoek on Layton 452, canyon slopes opposite and below chalet S of homestead",3221BB,"32°12'27.3""S","21°53'13.6""E",-32.20758333,21.88711111,,,,,1042 m,28,2,2017,,,,L. Prendini & R. Christiaan,Eastern Upper Karoo,Upper Karoo Bioregion,"Nama karoo on rocky sandstone slopes with shaley-loam soil above steep-sided, dry canyon","night, UV light detection","cool, still, moonless night",specimens running on ground or rocks in rocky areas along edge of canyon
3210_2150,3021,,,,,Scorpionidae,Opistophthalmus,karrooensis,6,"L. Prendini, 2017",South Africa,Northern Cape Prov.,Fraserburg Distr.,"Farm Tamboershoek on Layton 452, canyon slopes opposite and below chalet S of homestead",3221BB,"32°12'27.3""S","21°53'13.6""E",-32.20758333,21.88711111,,,,,1042 m,28,2,2017,,,,L. Prendini & R. Christiaan,Eastern Upper Karoo,Upper Karoo Bioregion,"Nama karoo on rocky sandstone slopes with shaley-loam soil above steep-sided, dry canyon","night, UV light detection","cool, still, moonless night","specimens doorkeeping at burrow entrances below stones, one female in canyon wall, one male sitting on ground in open"
3155_2125,3420,Droogvoetsfontein,2017/02/22 22:25,2017/02/22, 22:25:31,Buthidae,Uroplectes,carinatus,5,"L. Prendini, 2017",South Africa,Northern Cape Prov.,Fraserburg Distr.,"Farm Droogvoets Fontein 356, near windpump",3121CD,"31°57'32.2""S","21°22'50.7""E",-31.95894444,21.38075,,,,,1362 m,22,2,2017,23,2,2017,L. Prendini & R. Christiaan,Western Upper Karoo,Upper Karoo Bioregion,"Nama karoo on low, rolling rocky hills intersected by sandy washes, small, mostly spiny bushes on sandy to shalely-loam soil with scattered sandstone outcrops and loose stones in places","night, UV light detection","cold, windy, moonless night","specimens uncommon, sitting or walking on ground or sitting in bushes"
3155_2125,3420,Droogvoetsfontein,2017/02/22 22:25,2017/02/22, 22:25:49,Buthidae,Parabuthus,capensis,2,"L. Prendini, 2017",South Africa,Northern Cape Prov.,Fraserburg Distr.,"Farm Droogvoets Fontein 356, near windpump",3121CD,"31°57'32.2""S","21°22'50.7""E",-31.95894444,21.38075,,,,,1362 m,22,2,2017,23,2,2017,L. Prendini & R. Christiaan,Western Upper Karoo,Upper Karoo Bioregion,"Nama karoo on low, rolling rocky hills intersected by sandy washes, small, mostly spiny bushes on sandy to shalely-loam soil with scattered sandstone outcrops and loose stones in places","night, UV light detection","cold, windy, moonless night","specimens uncommon, walking on ground surface"
3155_2125,3420,Droogvoetsfontein,2017/02/22 22:25,2017/02/22, 22:25:49,Buthidae,Uroplectes,carinatus,4,"L. Prendini, 2017",South Africa,Northern Cape Prov.,Fraserburg Distr.,"Farm Droogvoets Fontein 356, near windpump",3121CD,"31°57'32.2""S","21°22'50.7""E",-31.95894444,21.38075,,,,,1362 m,22,2,2017,23,2,2017,L. Prendini & R. Christiaan,Western Upper Karoo,Upper Karoo Bioregion,"Nama karoo on low, rolling rocky hills intersected by sandy washes, small, mostly spiny bushes on sandy to shalely-loam soil with scattered sandstone outcrops and loose stones in places","night, UV light detection","cold, windy, moonless night","specimens uncommon, sitting or walking on ground or sitting in bushes"
3155_2125,3420,Droogvoetsfontein,2017/02/23 11:32,2017/02/23, 11:32:45,Scorpionidae,Opistophthalmus,karrooensis,1,"L. Prendini, 2017",South Africa,Northern Cape Prov.,Fraserburg Distr.,"Farm Droogvoets Fontein 356, near windpump",3121CD,"31°57'32.2""S","21°22'50.7""E",-31.95894444,21.38075,,,,,1362 m,23,2,2017,,,,L. Prendini & R. Christiaan,Western Upper Karoo,Upper Karoo Bioregion,"Nama karoo on low, rolling rocky hills intersected by sandy washes, small, mostly spiny bushes on sandy to shalely-loam soil with scattered sandstone outcrops and loose stones in places","day, rock-rolling",,"specimens collected in scrapes under stones, mostly under flat sandstones, on sandy-loam soil, in daytime"
3155_2125,3420,Droogvoetsfontein,2017/02/23 11:32,2017/02/23, 11:32:57,Scorpionidae,Opistophthalmus,karrooensis,7,"L. Prendini, 2017",South Africa,Northern Cape Prov.,Fraserburg Distr.,"Farm Droogvoets Fontein 356, near windpump",3121CD,"31°57'32.2""S","21°22'50.7""E",-31.95894444,21.38075,,,,,1362 m,23,2,2017,,,,L. Prendini & R. Christiaan,Western Upper Karoo,Upper Karoo Bioregion,"Nama karoo on low, rolling rocky hills intersected by sandy washes, small, mostly spiny bushes on sandy to shalely-loam soil with scattered sandstone outcrops and loose stones in places","day, rock-rolling",,"specimens collected in scrapes under stones, mostly under flat sandstones, on sandy-loam soil, in daytime"
3155_2250,3437,Taaiboschfontein,2012/02/27 21:31,2012/02/27, 21:31:43,Buthidae,Parabuthus,capensis,1,"L. Prendini, 2017",South Africa,Western Cape Prov.,Beaufort West Distr.,Farm Taaiboschfontein 61,3122DD,"31°55'04.0""S","22°52'58.3""E",-31.91777778,22.88286111,,,,,1220 m,27,2,2017,,,,L. Prendini & R. Christiaan,Upper Karoo Hardeveld,Upper Karoo Bioregion,"Nama karoo on lower slopes of large, rocky mountain intersected by dry riverbed, many loose and embedded dolerite stones, some emergent sandstone in places, moderate bush cover with Acacia karoo in riverbed, on sandy to gravelly-loam soil","night, UV light detection","warm, still, moonless night, becoming cooler later","specimens uncommon, sitting or walking on ground or bushes"
3155_2250,3437,Taaiboschfontein,2012/02/27 21:31,2012/02/27, 21:31:43,Scorpionidae,Opistophthalmus,karrooensis,1,"L. Prendini, 2017",South Africa,Western Cape Prov.,Beaufort West Distr.,Farm Taaiboschfontein 61,3122DD,"31°55'04.0""S","22°52'58.3""E",-31.91777778,22.88286111,,,,,1220 m,27,2,2017,,,,L. Prendini & R. Christiaan,Upper Karoo Hardeveld,Upper Karoo Bioregion,"Nama karoo on lower slopes of large, rocky mountain intersected by dry riverbed, many loose and embedded dolerite stones, some emergent sandstone in places, moderate bush cover with Acacia karoo in riverbed, on sandy to gravelly-loam soil","night, UV light detection","warm, still, moonless night, becoming cooler later","specimens uncommon, sitting on ground or under rocks, mostly near narrow rocky ravine of dry riverbed"
3155_2250,3437,Taaiboschfontein,2017/02/27 21:24,2017/02/27, 21:24:03,Buthidae,Parabuthus,capensis,1,"L. Prendini, 2017",South Africa,Western Cape Prov.,Beaufort West Distr.,Farm Taaiboschfontein 61,3122DD,"31°55'04.0""S","22°52'58.3""E",-31.91777778,22.88286111,,,,,1220 m,27,2,2017,,,,L. Prendini & R. Christiaan,Upper Karoo Hardeveld,Upper Karoo Bioregion,"Nama karoo on lower slopes of large, rocky mountain intersected by dry riverbed, many loose and embedded dolerite stones, some emergent sandstone in places, moderate bush cover with Acacia karoo in riverbed, on sandy to gravelly-loam soil","night, UV light detection","warm, still, moonless night, becoming cooler later","specimens uncommon, sitting or walking on ground or bushes"
3155_2250,3437,Taaiboschfontein,2017/02/27 21:24,2017/02/27, 21:24:03,Buthidae,Uroplectes,carinatus,7,"L. Prendini, 2017",South Africa,Western Cape Prov.,Beaufort West Distr.,Farm Taaiboschfontein 61,3122DD,"31°55'04.0""S","22°52'58.3""E",-31.91777778,22.88286111,,,,,1220 m,27,2,2017,,,,L. Prendini & R. Christiaan,Upper Karoo Hardeveld,Upper Karoo Bioregion,"Nama karoo on lower slopes of large, rocky mountain intersected by dry riverbed, many loose and embedded dolerite stones, some emergent sandstone in places, moderate bush cover with Acacia karoo in riverbed, on sandy to gravelly-loam soil","night, UV light detection","warm, still, moonless night, becoming cooler later","specimens uncommon, sitting or walking on ground or bushes"
3155_2250,3437,Taaiboschfontein,2017/02/27 21:24,2017/02/27, 21:24:03,Scorpionidae,Opistophthalmus,karrooensis,7,"L. Prendini, 2017",South Africa,Western Cape Prov.,Beaufort West Distr.,Farm Taaiboschfontein 61,3122DD,"31°55'04.0""S","22°52'58.3""E",-31.91777778,22.88286111,,,,,1220 m,27,2,2017,,,,L. Prendini & R. Christiaan,Upper Karoo Hardeveld,Upper Karoo Bioregion,"Nama karoo on lower slopes of large, rocky mountain intersected by dry riverbed, many loose and embedded dolerite stones, some emergent sandstone in places, moderate bush cover with Acacia karoo in riverbed, on sandy to gravelly-loam soil","night, UV light detection","warm, still, moonless night, becoming cooler later","specimens uncommon, sitting on ground or under rocks, mostly near narrow rocky ravine of dry riverbed"
3155_2250,3437,Taaiboschfontein,2017/02/27 21:24,2017/02/27, 21:24:03,Scorpionidae,Opistophthalmus,sp.,1,"L. Prendini, 2017",South Africa,Western Cape Prov.,Beaufort West Distr.,Farm Taaiboschfontein 61,3122DD,"31°55'04.0""S","22°52'58.3""E",-31.91777778,22.88286111,,,,,1220 m,27,2,2017,,,,L. Prendini & R. Christiaan,Upper Karoo Hardeveld,Upper Karoo Bioregion,"Nama karoo on lower slopes of large, rocky mountain intersected by dry riverbed, many loose and embedded dolerite stones, some emergent sandstone in places, moderate bush cover with Acacia karoo in riverbed, on sandy to gravelly-loam soil","night, UV light detection","warm, still, moonless night, becoming cooler later",specimen sitting on dry riverbed
3155_2250,3437,Taaiboschfontein,2017/02/27 22:01,2017/02/27, 22:01:56,Buthidae,Parabuthus,capensis,8,"L. Prendini, 2017",South Africa,Western Cape Prov.,Beaufort West Distr.,Farm Taaiboschfontein 61,3122DD,"31°55'07.7""S","22°52'45.5""E",-31.91880556,22.87930556,,,,,1227 m,27,2,2017,,,,L. Prendini & R. Christiaan,Upper Karoo Hardeveld,Upper Karoo Bioregion,"Nama karoo on flat to gently sloping plain intersected by dry riverbed with many Acacia karoo trees, sandy to gravelly-loam on slopes and riverbed","night, UV light detection","warm, still, moonless night, becoming cooler later","specimens fairly common, walking on ground, mostly near riverbed"
3155_2250,3437,Taaiboschfontein,2017/02/27 22:01,2017/02/27, 22:01:56,Buthidae,Uroplectes,carinatus,3,"L. Prendini, 2017",South Africa,Western Cape Prov.,Beaufort West Distr.,Farm Taaiboschfontein 61,3122DD,"31°55'07.7""S","22°52'45.5""E",-31.91880556,22.87930556,,,,,1227 m,27,2,2017,,,,L. Prendini & R. Christiaan,Upper Karoo Hardeveld,Upper Karoo Bioregion,"Nama karoo on flat to gently sloping plain intersected by dry riverbed with many Acacia karoo trees, sandy to gravelly-loam on slopes and riverbed","night, UV light detection","warm, still, moonless night, becoming cooler later","specimens uncommon, sitting or walking on ground or bushes"
3155_2250,3437,Taaiboschfontein,2017/02/27 23:10,2017/02/27, 23:10:50,Buthidae,Parabuthus,capensis,1,"L. Prendini, 2017",South Africa,Western Cape Prov.,Beaufort West Distr.,Farm Taaiboschfontein 61,3122DD,"31°55'24.5""S","22°52'40.6""E",-31.92347222,22.87794444,,,,,1251 m,27,2,2017,,,,L. Prendini & R. Christiaan,Upper Karoo Hardeveld,Upper Karoo Bioregion,"Nama karoo on rocky slopes of two lare mountains intersected by ravine with dry, sandy riverbed, many Acacia karoo trees in riverbed, slopes with sparse, spiny bushes on shaley-loam soil, many loose and embedded dolerite (ironstone) rocks, some scattered sandstone","night, UV light detection","warm, still, moonless night, becoming cooler later",specimen sitting on ground
3155_2250,3437,Taaiboschfontein,2017/02/27 23:10,2017/02/27, 23:10:50,Buthidae,Uroplectes,schlechteri,3,"L. Prendini, 2017",South Africa,Western Cape Prov.,Beaufort West Distr.,Farm Taaiboschfontein 61,3122DD,"31°55'24.5""S","22°52'40.6""E",-31.92347222,22.87794444,,,,,1251 m,27,2,2017,,,,L. Prendini & R. Christiaan,Upper Karoo Hardeveld,Upper Karoo Bioregion,"Nama karoo on rocky slopes of two lare mountains intersected by ravine with dry, sandy riverbed, many Acacia karoo trees in riverbed, slopes with sparse, spiny bushes on shaley-loam soil, many loose and embedded dolerite (ironstone) rocks, some scattered sandstone","night, UV light detection","warm, still, moonless night, becoming cooler later",specimens sitting/walking on ground
3155_2250,3437,Taaiboschfontein,2017/02/27 23:10,2017/02/27, 23:10:50,Scorpionidae,Opistophthalmus,austerus,1,"L. Prendini, 2017",South Africa,Western Cape Prov.,Beaufort West Distr.,Farm Taaiboschfontein 61,3122DD,"31°55'24.5""S","22°52'40.6""E",-31.92347222,22.87794444,,,,,1251 m,27,2,2017,,,,L. Prendini & R. Christiaan,Upper Karoo Hardeveld,Upper Karoo Bioregion,"Nama karoo on rocky slopes of two lare mountains intersected by ravine with dry, sandy riverbed, many Acacia karoo trees in riverbed, slopes with sparse, spiny bushes on shaley-loam soil, many loose and embedded dolerite (ironstone) rocks, some scattered sandstone","night, UV light detection","warm, still, moonless night, becoming cooler later","specimen doorkeeping at burrow entrances under stone, in same area where O. karrooensis collected"
3155_2250,3437,Taaiboschfontein,2017/02/27 23:10,2017/02/27, 23:10:50,Scorpionidae,Opistophthalmus,karrooensis,8,"L. Prendini, 2017",South Africa,Western Cape Prov.,Beaufort West Distr.,Farm Taaiboschfontein 61,3122DD,"31°55'24.5""S","22°52'40.6""E",-31.92347222,22.87794444,,,,,1251 m,27,2,2017,,,,L. Prendini & R. Christiaan,Upper Karoo Hardeveld,Upper Karoo Bioregion,"Nama karoo on rocky slopes of two lare mountains intersected by ravine with dry, sandy riverbed, many Acacia karoo trees in riverbed, slopes with sparse, spiny bushes on shaley-loam soil, many loose and embedded dolerite (ironstone) rocks, some scattered sandstone","night, UV light detection","warm, still, moonless night, becoming cooler later","specimens uncommon, sitting on ground or rocks, some doorkeeping at burrow entrances below rocks"
3155_2250,3437,Taaiboschfontein,2017/02/27 23:10,2017/02/27, 23:10:50,Scorpionidae,Opistophthalmus,sp.,7,"L. Prendini, 2017",South Africa,Western Cape Prov.,Beaufort West Distr.,Farm Taaiboschfontein 61,3122DD,"31°55'24.5""S","22°52'40.6""E",-31.92347222,22.87794444,,,,,1251 m,27,2,2017,,,,L. Prendini & R. Christiaan,Upper Karoo Hardeveld,Upper Karoo Bioregion,"Nama karoo on rocky slopes of two lare mountains intersected by ravine with dry, sandy riverbed, many Acacia karoo trees in riverbed, slopes with sparse, spiny bushes on shaley-loam soil, many loose and embedded dolerite (ironstone) rocks, some scattered sandstone","night, UV light detection, burrow excavation","warm, still, moonless night, becoming cooler later","specimens uncommon, male and 2 juvs sitting on riverbed, female and 2 juvs sitting in open on rocky slope, 1 subad. excavated from spiral burrow in open ground"
3155_2250,3437,Taaiboschfontein,2017/02/27 23:14,2017/02/27, 23:14:10,Scorpionidae,Opistophthalmus,karrooensis,3,"L. Prendini, 2017",South Africa,Western Cape Prov.,Beaufort West Distr.,Farm Taaiboschfontein 61,3122DD,"31°55'24.5""S","22°52'40.6""E",-31.92347222,22.87794444,,,,,1251 m,27,2,2017,,,,L. Prendini & R. Christiaan,Upper Karoo Hardeveld,Upper Karoo Bioregion,"Nama karoo on rocky slopes of two lare mountains intersected by ravine with dry, sandy riverbed, many Acacia karoo trees in riverbed, slopes with sparse, spiny bushes on shaley-loam soil, many loose and embedded dolerite (ironstone) rocks, some scattered sandstone","night, UV light detection","warm, still, moonless night, becoming cooler later","specimens uncommon, sitting on ground or rocks, some doorkeeping at burrow entrances below rocks"
3155_2250,3437,Taaiboschfontein,2017/02/27 23:14,2017/02/27, 23:14:10,Scorpionidae,Opistophthalmus,sp.,1,"L. Prendini, 2017",South Africa,Western Cape Prov.,Beaufort West Distr.,Farm Taaiboschfontein 61,3122DD,"31°55'24.5""S","22°52'40.6""E",-31.92347222,22.87794444,,,,,1251 m,27,2,2017,,,,L. Prendini & R. Christiaan,Upper Karoo Hardeveld,Upper Karoo Bioregion,"Nama karoo on rocky slopes of two lare mountains intersected by ravine with dry, sandy riverbed, many Acacia karoo trees in riverbed, slopes with sparse, spiny bushes on shaley-loam soil, many loose and embedded dolerite (ironstone) rocks, some scattered sandstone","night, UV light detection, burrow excavation","warm, still, moonless night, becoming cooler later","specimens uncommon, male and 2 juvs sitting on riverbed, female and 2 juvs sitting in open on rocky slope, 1 subad. excavated from spiral burrow in open ground"
3150_2045,3547,Titusfontein,2017/02/21 22:40,2017/02/21, 22:40:31,Buthidae,Parabuthus,capensis,1,"L. Prendini, 2017",South Africa,Northern Cape Prov.,Sutherland Distr.,Farm Koedoesdraai on Titusfontein 12,3120DD,"31°53'31.5""S","20°47'12.1""E",-31.89208333,20.78669444,,,,,1165 m,21,2,2017,,,,L. Prendini & R. Christiaan,Western Upper Karoo,Upper Karoo Bioregion,"Nama karoo on low rocky ridges intersected by dry watercourses, sandstone rocks and sandy-loam soil","night, UV light detection","cold, fairly windy, moonless night",specimen sitting on ground surface
3150_2045,3547,Titusfontein,2017/02/21 22:40,2017/02/21, 22:40:31,Buthidae,Uroplectes,carinatus,2,"L. Prendini, 2017",South Africa,Northern Cape Prov.,Sutherland Distr.,Farm Koedoesdraai on Titusfontein 12,3120DD,"31°53'31.5""S","20°47'12.1""E",-31.89208333,20.78669444,,,,,1165 m,21,2,2017,,,,L. Prendini & R. Christiaan,Western Upper Karoo,Upper Karoo Bioregion,"Nama karoo on low rocky ridges intersected by dry watercourses, sandstone rocks and sandy-loam soil","night, UV light detection","cold, fairly windy, moonless night","specimens uncommon, sitting in bushes"
3150_2045,3547,Titusfontein,2017/02/21 23:12,2017/02/21, 23:12:28,Buthidae,Parabuthus,capensis,1,"L. Prendini, 2017",South Africa,Northern Cape Prov.,Sutherland Distr.,Farm Koedoesdraai on Titusfontein 12,3120DD,"31°53'31.5""S","20°47'12.1""E",-31.89208333,20.78669444,,,,,1165 m,21,2,2017,,,,L. Prendini & R. Christiaan,Western Upper Karoo,Upper Karoo Bioregion,"Nama karoo on low rocky ridges intersected by dry watercourses, sandstone rocks and sandy-loam soil","night, UV light detection","cold, fairly windy, moonless night",specimen sitting on ground surface
3150_2045,3547,Titusfontein,2017/02/21 23:12,2017/02/21, 23:12:28,Buthidae,Uroplectes,carinatus,7,"L. Prendini, 2017",South Africa,Northern Cape Prov.,Sutherland Distr.,Farm Koedoesdraai on Titusfontein 12,3120DD,"31°53'31.5""S","20°47'12.1""E",-31.89208333,20.78669444,,,,,1165 m,21,2,2017,,,,L. Prendini & R. Christiaan,Western Upper Karoo,Upper Karoo Bioregion,"Nama karoo on low rocky ridges intersected by dry watercourses, sandstone rocks and sandy-loam soil","night, UV light detection","cold, fairly windy, moonless night","specimens uncommon, sitting in bushes"
3150_2045,3547,Titusfontein,2017/02/21 23:12,2017/02/21, 23:12:28,Scorpionidae,Opistophthalmus,pallipes,1,"L. Prendini, 2017",South Africa,Northern Cape Prov.,Sutherland Distr.,Farm Koedoesdraai on Titusfontein 12,3120DD,"31°53'31.5""S","20°47'12.1""E",-31.89208333,20.78669444,,,,,1165 m,21,2,2017,,,,L. Prendini & R. Christiaan,Western Upper Karoo,Upper Karoo Bioregion,"Nama karoo on low rocky ridges intersected by dry watercourses, sandstone rocks and sandy-loam soil","night, UV light detection","cold, fairly windy, moonless night",specimen sitting on ground in rocky area
3150_2045,3547,,,,,Scorpionidae,Opistophthalmus,karrooensis,25,"L. Prendini, 2017",South Africa,Northern Cape Prov.,Sutherland Distr.,"Farm Ottergat on Titusfontein 12, near homestead",3120DD,"31°51'09.4""S","20°48'40.9""E",-31.85261111,20.81136111,,,,,1151 m,22,2,2017,,,,L. Prendini & R. Christiaan,Western Upper Karoo,Upper Karoo Bioregion,"Nama karoo on low rocky sandstone ridges, sparse vegetation, spiny bushes on yellowish sandy-loam, many flat sandstone rocks","day, rock-rolling",,specimens common in scrapes under stones
3120_2215,4418,Rhenosterfontein / Lushof,2017/02/24 23:33,2017/02/24, 23:33:26,Buthidae,Parabuthus,capensis,2,"L. Prendini, 2017",South Africa,Northern Cape Prov.,Carnarvon Distr.,"Farm Rhenosterfontein 570, N of Loxton on R63 to Carnarvon",3122AD,"31°21'42.3""S","22°17'47.9""E",-31.36175,22.29663889,,,,,1389 m,24,2,2017,,,,L. Prendini & R. Christiaan,Eastern Upper Karoo,Upper Karoo Bioregion,"Nama karoo on gently sloping rocky plain leading down to dry riverbed with dolerite koppies in distance, many loose, flat sandstone rocks on plain, outcrops in places, sandy-loam soil becoming sandier in riverbed, coarse reddish-brown on koppies","night, UV light detection","cool, moonless night with slight breeze that dropped later, rained earlier in day, soil damp, rains on horizon","specimens uncommon on plain, a few near riverbed, walking on sandy ground"
3120_2215,4418,Rhenosterfontein / Lushof,2017/02/24 23:33,2017/02/24, 23:33:26,Buthidae,Parabuthus,granulatus,1,"L. Prendini, 2017",South Africa,Northern Cape Prov.,Carnarvon Distr.,"Farm Rhenosterfontein 570, N of Loxton on R63 to Carnarvon",3122AD,"31°21'42.3""S","22°17'47.9""E",-31.36175,22.29663889,,,,,1389 m,24,2,2017,,,,L. Prendini & R. Christiaan,Eastern Upper Karoo,Upper Karoo Bioregion,"Nama karoo on gently sloping rocky plain leading down to dry riverbed with dolerite koppies in distance, many loose, flat sandstone rocks on plain, outcrops in places, sandy-loam soil becoming sandier in riverbed, coarse reddish-brown on koppies","night, UV light detection","cool, moonless night with slight breeze that dropped later, rained earlier in day, soil damp, rains on horizon",specimen found dead on plain near riverbed
3120_2215,4418,Rhenosterfontein / Lushof,2017/02/24 23:33,2017/02/24, 23:33:26,Buthidae,Uroplectes,carinatus,26,"L. Prendini, 2017",South Africa,Northern Cape Prov.,Carnarvon Distr.,"Farm Rhenosterfontein 570, N of Loxton on R63 to Carnarvon",3122AD,"31°21'42.3""S","22°17'47.9""E",-31.36175,22.29663889,,,,,1389 m,24,2,2017,,,,L. Prendini & R. Christiaan,Eastern Upper Karoo,Upper Karoo Bioregion,"Nama karoo on gently sloping rocky plain leading down to dry riverbed with dolerite koppies in distance, many loose, flat sandstone rocks on plain, outcrops in places, sandy-loam soil becoming sandier in riverbed, coarse reddish-brown on koppies","night, UV light detection","cool, moonless night with slight breeze that dropped later, rained earlier in day, soil damp, rains on horizon","specimens common on plain, sitting on bushes or sitting/walking on ground"
3120_2215,4418,Rhenosterfontein / Lushof,2017/02/24 23:33,2017/02/24, 23:33:26,Scorpionidae,Opistophthalmus,austerus,13,"L. Prendini, 2017",South Africa,Northern Cape Prov.,Carnarvon Distr.,"Farm Rhenosterfontein 570, N of Loxton on R63 to Carnarvon",3122AD,"31°21'42.3""S","22°17'47.9""E",-31.36175,22.29663889,,,,,1389 m,24,2,2017,,,,L. Prendini & R. Christiaan,Eastern Upper Karoo,Upper Karoo Bioregion,"Nama karoo on gently sloping rocky plain leading down to dry riverbed with dolerite koppies in distance, many loose, flat sandstone rocks on plain, outcrops in places, sandy-loam soil becoming sandier in riverbed, coarse reddish-brown on koppies","night, UV light detection","cool, moonless night with slight breeze that dropped later, rained earlier in day, soil damp, rains on horizon","specimens less common on dolerite koppies only, a few sitting in open, rest doorkeeping at burrow entrances under stones, not collected with O. karrooensis, although nearby"
3120_2215,4418,Rhenosterfontein / Lushof,2017/02/24 23:33,2017/02/24, 23:33:26,Scorpionidae,Opistophthalmus,karrooensis,26,"L. Prendini, 2017",South Africa,Northern Cape Prov.,Carnarvon Distr.,"Farm Rhenosterfontein 570, N of Loxton on R63 to Carnarvon",3122AD,"31°21'42.3""S","22°17'47.9""E",-31.36175,22.29663889,,,,,1389 m,24,2,2017,,,,L. Prendini & R. Christiaan,Eastern Upper Karoo,Upper Karoo Bioregion,"Nama karoo on gently sloping rocky plain leading down to dry riverbed with dolerite koppies in distance, many loose, flat sandstone rocks on plain, outcrops in places, sandy-loam soil becoming sandier in riverbed, coarse reddish-brown on koppies","night, UV light detection","cool, moonless night with slight breeze that dropped later, rained earlier in day, soil damp, rains on horizon","specimens common sitting in open ground or doorkeeping at burrow entrances under sandstone on rocky plain and less common under dolerite leading up to koppies, not collected with O. austerus, although nearby"
3120_2215,4418,Rhenosterfontein / Lushof,2017/02/24 23:33,2017/02/24, 23:33:26,Scorpionidae,Opistophthalmus,sp.,7,"L. Prendini, 2017",South Africa,Northern Cape Prov.,Carnarvon Distr.,"Farm Rhenosterfontein 570, N of Loxton on R63 to Carnarvon",3122AD,"31°21'42.3""S","22°17'47.9""E",-31.36175,22.29663889,,,,,1389 m,24,2,2017,,,,L. Prendini & R. Christiaan,Eastern Upper Karoo,Upper Karoo Bioregion,"Nama karoo on gently sloping rocky plain leading down to dry riverbed with dolerite koppies in distance, many loose, flat sandstone rocks on plain, outcrops in places, sandy-loam soil becoming sandier in riverbed, coarse reddish-brown on koppies","night, UV light detection","cool, moonless night with slight breeze that dropped later, rained earlier in day, soil damp, rains on horizon","specimens uncommon in gently sloping, central areas with dolerite stones (where O. karrooensis collected) but not on dolerite koppies (where O. austerus collected), sitting in open on rocky ground or doorkeeping at burrow entrances, one excavated from burrow 20 cm deep in coarse sandy-loam soil, another found dead in grass tuft"
3120_2215,4418,Rhenosterfontein / Lushof,2017/02/24 23:42,2017/02/24, 23:42:00,Buthidae,Parabuthus,capensis,3,"L. Prendini, 2017",South Africa,Northern Cape Prov.,Carnarvon Distr.,"Farm Rhenosterfontein 570, N of Loxton on R63 to Carnarvon",3122AD,"31°21'42.3""S","22°17'47.9""E",-31.36175,22.29663889,,,,,1389 m,24,2,2017,,,,L. Prendini & R. Christiaan,Eastern Upper Karoo,Upper Karoo Bioregion,"Nama karoo on gently sloping rocky plain leading down to dry riverbed with dolerite koppies in distance, many loose, flat sandstone rocks on plain, outcrops in places, sandy-loam soil becoming sandier in riverbed, coarse reddish-brown on koppies","night, UV light detection","cool, moonless night with slight breeze that dropped later, rained earlier in day, soil damp, rains on horizon","specimens uncommon on plain, a few near riverbed, walking on sandy ground"
3120_2215,4418,Rhenosterfontein / Lushof,2017/02/24 23:42,2017/02/24, 23:42:00,Buthidae,Uroplectes,carinatus,4,"L. Prendini, 2017",South Africa,Northern Cape Prov.,Carnarvon Distr.,"Farm Rhenosterfontein 570, N of Loxton on R63 to Carnarvon",3122AD,"31°21'42.3""S","22°17'47.9""E",-31.36175,22.29663889,,,,,1389 m,24,2,2017,,,,L. Prendini & R. Christiaan,Eastern Upper Karoo,Upper Karoo Bioregion,"Nama karoo on gently sloping rocky plain leading down to dry riverbed with dolerite koppies in distance, many loose, flat sandstone rocks on plain, outcrops in places, sandy-loam soil becoming sandier in riverbed, coarse reddish-brown on koppies","night, UV light detection","cool, moonless night with slight breeze that dropped later, rained earlier in day, soil damp, rains on horizon","specimens common on plain, sitting on bushes or sitting/walking on ground"
3120_2215,4418,Rhenosterfontein / Lushof,2017/02/24 23:42,2017/02/24, 23:42:00,Scorpionidae,Opistophthalmus,karrooensis,12,"L. Prendini, 2017",South Africa,Northern Cape Prov.,Carnarvon Distr.,"Farm Rhenosterfontein 570, N of Loxton on R63 to Carnarvon",3122AD,"31°21'42.3""S","22°17'47.9""E",-31.36175,22.29663889,,,,,1389 m,24,2,2017,,,,L. Prendini & R. Christiaan,Eastern Upper Karoo,Upper Karoo Bioregion,"Nama karoo on gently sloping rocky plain leading down to dry riverbed with dolerite koppies in distance, many loose, flat sandstone rocks on plain, outcrops in places, sandy-loam soil becoming sandier in riverbed, coarse reddish-brown on koppies","night, UV light detection","cool, moonless night with slight breeze that dropped later, rained earlier in day, soil damp, rains on horizon","specimens common sitting in open ground or doorkeeping at burrow entrances under sandstone on rocky plain and less common under dolerite leading up to koppies, not collected with O. austerus, although nearby"
3120_2305,4428,Marseilles,2017/02/26 18:00,2017/02/26, 18:00:20,Scorpionidae,Opistophthalmus,karrooensis,2,"L. Prendini, 2017",South Africa,Northern Cape Prov.,Victoria West Distr.,Farm Marseilles on Uitzigt 171,3123AC,"31°20'09.8""S","23°08'55""E",-31.33605556,23.14861111,,,,,1265 m,26,2,2017,,,,L. Prendini & R. Christiaan,Eastern Upper Karoo,Upper Karoo Bioregion,"Nama karoo on rocky dolerite ridge overlying sandstone (on lower slope), small bushes on reddish-brown to greyish sandy-loam","day, rock-rolling",,"specimens uncommon in scrapes under stones, mostly sandstone, not on dolerite"
3120_2305,4428,Marseilles,2017/02/26 18:01,2017/02/26, 18:01:39,Scorpionidae,Opistophthalmus,karrooensis,6,"L. Prendini, 2017",South Africa,Northern Cape Prov.,Victoria West Distr.,Farm Marseilles on Uitzigt 171,3123AC,"31°20'09.8""S","23°08'55""E",-31.33605556,23.14861111,,,,,1265 m,26,2,2017,,,,L. Prendini & R. Christiaan,Eastern Upper Karoo,Upper Karoo Bioregion,"Nama karoo on rocky dolerite ridge overlying sandstone (on lower slope), small bushes on reddish-brown to greyish sandy-loam","day, rock-rolling",,"specimens uncommon in scrapes under stones, mostly sandstone, not on dolerite"
3120_2305,4428,Marseilles,2017/02/26 22:03,2017/02/26, 22:03:47,Buthidae,Parabuthus,capensis,2,"L. Prendini, 2017",South Africa,Northern Cape Prov.,Victoria West Distr.,Farm Marseilles on Uitzigt 171,3123AC,"31°20'11.5""S","23°08'51.1""E",-31.33652778,23.14752778,,,,,1258 m,26,2,2017,,,,L. Prendini & R. Christiaan,Eastern Upper Karoo,Upper Karoo Bioregion,Nama karoo on flat plain with small bushes on reddish-brown sandy-loam,"night, UV light detection","cold, moonless night with slight breeze","specimens uncommon, walking on ground"
3120_2305,4428,Marseilles,2017/02/26 22:03,2017/02/26, 22:03:47,Buthidae,Parabuthus,schlechteri,2,"L. Prendini, 2017",South Africa,Northern Cape Prov.,Victoria West Distr.,Farm Marseilles on Uitzigt 171,3123AC,"31°20'11.5""S","23°08'51.1""E",-31.33652778,23.14752778,,,,,1258 m,26,2,2017,,,,L. Prendini & R. Christiaan,Eastern Upper Karoo,Upper Karoo Bioregion,Nama karoo on flat plain with small bushes on reddish-brown sandy-loam,"night, UV light detection","cold, moonless night with slight breeze","specimens uncommon, walking on ground"
3120_2305,4428,Marseilles,2017/02/26 22:03,2017/02/26, 22:03:47,Buthidae,Uroplectes,carinatus,5,"L. Prendini, 2017",South Africa,Northern Cape Prov.,Victoria West Distr.,Farm Marseilles on Uitzigt 171,3123AC,"31°20'11.5""S","23°08'51.1""E",-31.33652778,23.14752778,,,,,1258 m,26,2,2017,,,,L. Prendini & R. Christiaan,Eastern Upper Karoo,Upper Karoo Bioregion,Nama karoo on flat plain with small bushes on reddish-brown sandy-loam,"night, UV light detection","cold, moonless night with slight breeze","specimens uncommon, walking on ground, on sitting in bush"
3120_2305,4428,Marseilles,,,,Scorpionidae,Opistophthalmus,karrooensis,8,"L. Prendini, 2017",South Africa,Northern Cape Prov.,Victoria West Distr.,Farm Marseilles on Uitzigt 171,3123AC,"31°20'23.4""S","23°09'21.1""E",-31.33983333,23.15586111,,,,,1268 m,26,2,2017,,,,L. Prendini & R. Christiaan,Eastern Upper Karoo,Upper Karoo Bioregion,Nama karoo on low rolling hills with sandstone and dolerite (ironstone) outcrops and small bushes on yellowish sandy-loam soil,"day, rock-rolling",,specimens in scrapes under stones on sandstone ridges
3120_2305,4428,,,,,Scorpionidae,Opistophthalmus,austerus,53,"L. Prendini, 2017",South Africa,Northern Cape Prov.,Victoria West Distr.,"Farm Marseilles on Uitzigt 171, homestead, 2 km from intersection with N12 (BritstownVictoria West) on road to Leeukuil",3123AC,"31°21'17.6""S","23°07'34.9""E",-31.35488889,23.12636111,,,,,1272 m,27,2,2017,,,,L. Prendini & R. Christiaan,Eastern Upper Karoo,Upper Karoo Bioregion,"Nama karoo on rocky, dolerite ridge with small, spiny bushes on reddish-brown to greyish sandy-loam","day, rock-rolling",,"specimens very common in scrapes under stones, especially at base of ridge"
3120_2305,4428,,,,,Scorpionidae,Opistophthalmus,karrooensis,2,"L. Prendini, 2017",South Africa,Northern Cape Prov.,Victoria West Distr.,"Victoria West, on Brinkman Street, near intersection with Pastorie (Kempen) Street",3123AC,"31°24'13.3""S","23°06'19.4""E",-31.40369444,23.10538889,,,,,1271 m,27,2,2017,,,,L. Prendini & R. Christiaan,Eastern Upper Karoo,Upper Karoo Bioregion,Nama karoo at base and on lower slopes of large rocky (dolerite) hill,"day, rock-rolling",,specimens in scrapes under stones
3120_2305,4428,,,,,Scorpionidae,Opistophthalmus,sp.,48,"L. Prendini, 2017",South Africa,Northern Cape Prov.,Victoria West Distr.,"Victoria West, on Brinkman Street, near intersection with Pastorie (Kempen) Street",3123AC,"31°24'13.3""S","23°06'19.4""E",-31.40369444,23.10538889,,,,,1271 m,27,2,2017,,,,L. Prendini & R. Christiaan,Eastern Upper Karoo,Upper Karoo Bioregion,Nama karoo at base and on lower slopes of large rocky (dolerite) hill,"day, burrow excavation",,"specimens very common at base of hill along gravel road verge, excavated from spiral burrows, ca. 3050 cm deep, in open ground"
3110_2030,4698,Hoedjiesfontein / Grasbult,2017/02/20 22:14,2017/02/20, 22:14:17,Buthidae,Parabuthus,capensis,5,"L. Prendini, 2017",South Africa,Northern Cape Prov.,Calvinia Distr.,"Farm Tafelkop on Los Kop 523, between Tafelkop and homestead",3120BA,"31°14'12.2""S","20°31'09.5""E",-31.23673721,20.51931672,,,,,,20,2,2017,,,,L. Prendini & R. Christiaan,Western Upper Karoo,Upper Karoo Bioregion,"Nama karoo on flat to gently sloping plain leading up to low ridge, lower areas more sandy, higher areas with scattered stones (shale), small bushes with Rhigozum trichotomum and Lycium dominant on sandy-loam soil","night, UV light detection","cold, windy, moonless night, very strong wind","specimens uncommon, walking on ground or sitting in bushes"
3110_2030,4698,Hoedjiesfontein / Grasbult,2017/02/20 22:14,2017/02/20, 22:14:17,Buthidae,Parabuthus,schlechteri,3,"L. Prendini, 2017",South Africa,Northern Cape Prov.,Calvinia Distr.,"Farm Tafelkop on Los Kop 523, between Tafelkop and homestead",3120BA,"31°14'12.2""S","20°31'09.5""E",-31.23673721,20.51931672,,,,,,20,2,2017,,,,L. Prendini & R. Christiaan,Western Upper Karoo,Upper Karoo Bioregion,"Nama karoo on flat to gently sloping plain leading up to low ridge, lower areas more sandy, higher areas with scattered stones (shale), small bushes with Rhigozum trichotomum and Lycium dominant on sandy-loam soil","night, UV light detection","cold, windy, moonless night, very strong wind","specimens uncommon, walking on ground or sitting in bushes"
3110_2030,4698,Hoedjiesfontein / Grasbult,2017/02/20 22:14,2017/02/20, 22:14:17,Buthidae,Uroplectes,carinatus,1,"L. Prendini, 2017",South Africa,Northern Cape Prov.,Calvinia Distr.,"Farm Tafelkop on Los Kop 523, between Tafelkop and homestead",3120BA,"31°14'12.2""S","20°31'09.5""E",-31.23673721,20.51931672,,,,,,20,2,2017,,,,L. Prendini & R. Christiaan,Western Upper Karoo,Upper Karoo Bioregion,"Nama karoo on flat to gently sloping plain leading up to low ridge, lower areas more sandy, higher areas with scattered stones (shale), small bushes with Rhigozum trichotomum and Lycium dominant on sandy-loam soil","night, UV light detection","cold, windy, moonless night, very strong wind","specimens uncommon, sitting in bushes"
3110_2030,4698,Hoedjiesfontein / Grasbult,2017/02/20 22:14,2017/02/20, 22:14:17,Scorpionidae,Opistophthalmus,lornae,2,"L. Prendini, 2017",South Africa,Northern Cape Prov.,Calvinia Distr.,"Farm Tafelkop on Los Kop 523, between Tafelkop and homestead",3120BA,"31°14'12.2""S","20°31'09.5""E",-31.23673721,20.51931672,,,,,,20,2,2017,,,,L. Prendini & R. Christiaan,Western Upper Karoo,Upper Karoo Bioregion,"Nama karoo on flat to gently sloping plain leading up to low ridge, lower areas more sandy, higher areas with scattered stones (shale), small bushes with Rhigozum trichotomum and Lycium dominant on sandy-loam soil","night, UV light detection","cold, windy, moonless night, very strong wind","specimens uncommon, sitting on ground"
3110_2030,4698,Hoedjiesfontein / Grasbult,2017/02/20 22:16,2017/02/20, 22:16:25,Buthidae,Parabuthus,capensis,1,"L. Prendini, 2017",South Africa,Northern Cape Prov.,Calvinia Distr.,"Farm Tafelkop on Los Kop 523, between Tafelkop and homestead",3120BA,"31°14'12.2""S","20°31'09.5""E",-31.23673721,20.51931672,,,,,,20,2,2017,,,,L. Prendini & R. Christiaan,Western Upper Karoo,Upper Karoo Bioregion,"Nama karoo on flat to gently sloping plain leading up to low ridge, lower areas more sandy, higher areas with scattered stones (shale), small bushes with Rhigozum trichotomum and Lycium dominant on sandy-loam soil","night, UV light detection","cold, windy, moonless night, very strong wind","specimens uncommon, walking on ground or sitting in bushes"
3110_2030,4698,Hoedjiesfontein / Grasbult,2017/02/20 22:16,2017/02/20, 22:16:25,Buthidae,Parabuthus,schlechteri,2,"L. Prendini, 2017",South Africa,Northern Cape Prov.,Calvinia Distr.,"Farm Tafelkop on Los Kop 523, between Tafelkop and homestead",3120BA,"31°14'12.2""S","20°31'09.5""E",-31.23673721,20.51931672,,,,,,20,2,2017,,,,L. Prendini & R. Christiaan,Western Upper Karoo,Upper Karoo Bioregion,"Nama karoo on flat to gently sloping plain leading up to low ridge, lower areas more sandy, higher areas with scattered stones (shale), small bushes with Rhigozum trichotomum and Lycium dominant on sandy-loam soil","night, UV light detection","cold, windy, moonless night, very strong wind","specimens uncommon, walking on ground or sitting in bushes"
3110_2030,4698,Hoedjiesfontein / Grasbult,2017/02/20 22:16,2017/02/20, 22:16:25,Buthidae,Uroplectes,carinatus,2,"L. Prendini, 2017",South Africa,Northern Cape Prov.,Calvinia Distr.,"Farm Tafelkop on Los Kop 523, between Tafelkop and homestead",3120BA,"31°14'12.2""S","20°31'09.5""E",-31.23673721,20.51931672,,,,,,20,2,2017,,,,L. Prendini & R. Christiaan,Western Upper Karoo,Upper Karoo Bioregion,"Nama karoo on flat to gently sloping plain leading up to low ridge, lower areas more sandy, higher areas with scattered stones (shale), small bushes with Rhigozum trichotomum and Lycium dominant on sandy-loam soil","night, UV light detection","cold, windy, moonless night, very strong wind","specimens uncommon, sitting in bushes"
3105_2245,4878,Biesiebult,2017/02/25 20:59,2017/02/25, 20:59:13,Buthidae,Parabuthus,capensis,2,"L. Prendini, 2017",South Africa,Northern Cape Prov.,Victoria West Distr.,"Farm Biesiesbult 253, W of Marthasput railway siding, 7 km from homestead",3122BB,"31°06'38.6""S","22°46'09.4""E",-31.11072222,22.76927778,"31°06'20.7""S","22°46'09.3""E",-31.10575,22.76925,12981303 m,25,2,2017,,,,"L. Prendini, R. Christiaan, J.R. & S. Schlebusch",Eastern Upper Karoo,Upper Karoo Bioregion,"Nama karoo on flat plain, intersected by sandy wash and punctuated by rocky sandstone ridge and small dolerite (ironstone) koppies, fine sand to sandy-loam on plain, coarser sandy-loam on slopes of rocky ridge","night, UV light detection","windy, moonless night","specimens moderately common, walking on ground or sitting in bushes on sandy plain and dry riverbed"
3105_2245,4878,Biesiebult,2017/02/25 20:59,2017/02/25, 20:59:13,Buthidae,Parabuthus,nanus,3,"L. Prendini, 2017",South Africa,Northern Cape Prov.,Victoria West Distr.,"Farm Biesiesbult 253, W of Marthasput railway siding, 7 km from homestead",3122BB,"31°06'38.6""S","22°46'09.4""E",-31.11072222,22.76927778,"31°06'20.7""S","22°46'09.3""E",-31.10575,22.76925,12981303 m,25,2,2017,,,,"L. Prendini, R. Christiaan, J.R. & S. Schlebusch",Eastern Upper Karoo,Upper Karoo Bioregion,"Nama karoo on flat plain, intersected by sandy wash and punctuated by rocky sandstone ridge and small dolerite (ironstone) koppies, fine sand to sandy-loam on plain, coarser sandy-loam on slopes of rocky ridge","night, UV light detection","windy, moonless night","specimens uncommon, walking/sitting on ground in dry, sandy riverbed"
3105_2245,4878,Biesiebult,2017/02/25 20:59,2017/02/25, 20:59:13,Buthidae,Uroplectes,carinatus,50,"L. Prendini, 2017",South Africa,Northern Cape Prov.,Victoria West Distr.,"Farm Biesiesbult 253, W of Marthasput railway siding, 7 km from homestead",3122BB,"31°06'38.6""S","22°46'09.4""E",-31.11072222,22.76927778,"31°06'20.7""S","22°46'09.3""E",-31.10575,22.76925,12981303 m,25,2,2017,,,,"L. Prendini, R. Christiaan, J.R. & S. Schlebusch",Eastern Upper Karoo,Upper Karoo Bioregion,"Nama karoo on flat plain, intersected by sandy wash and punctuated by rocky sandstone ridge and small dolerite (ironstone) koppies, fine sand to sandy-loam on plain, coarser sandy-loam on slopes of rocky ridge","night, UV light detection","windy, moonless night",specimens very common walking on ground or sitting in bushes on sandy plain and dry riverbed
3105_2245,4878,Biesiebult,2017/02/25 20:59,2017/02/25, 20:59:13,Scorpionidae,Opistophthalmus,karrooensis,1,"L. Prendini, 2017",South Africa,Northern Cape Prov.,Victoria West Distr.,"Farm Biesiesbult 253, W of Marthasput railway siding, 7 km from homestead",3122BB,"31°06'38.6""S","22°46'09.4""E",-31.11072222,22.76927778,"31°06'20.7""S","22°46'09.3""E",-31.10575,22.76925,12981303 m,25,2,2017,26,2,2017,L. Prendini & R. Christiaan,Eastern Upper Karoo,Upper Karoo Bioregion,"Nama karoo on flat plain, intersected by sandy wash and punctuated by rocky sandstone ridge and small dolerite (ironstone) koppies, fine sand to sandy-loam on plain, coarser sandy-loam on slopes of rocky ridge","day, rock-rolling",,specimens in shallow scrapes under stones on rocky ridge
3105_2245,4878,Biesiebult,2017/02/25 22:45,2017/02/25, 22:45:17,Buthidae,Parabuthus,capensis,10,"L. Prendini, 2017",South Africa,Northern Cape Prov.,Victoria West Distr.,"Farm Biesiesbult 253, W of Marthasput railway siding, 7 km from homestead",3122BB,"31°06'38.6""S","22°46'09.4""E",-31.11072222,22.76927778,"31°06'20.7""S","22°46'09.3""E",-31.10575,22.76925,12981303 m,25,2,2017,,,,"L. Prendini, R. Christiaan, J.R. & S. Schlebusch",Eastern Upper Karoo,Upper Karoo Bioregion,"Nama karoo on flat plain, intersected by sandy wash and punctuated by rocky sandstone ridge and small dolerite (ironstone) koppies, fine sand to sandy-loam on plain, coarser sandy-loam on slopes of rocky ridge","night, UV light detection","windy, moonless night","specimens moderately common, walking on ground or sitting in bushes on sandy plain and dry riverbed"
3105_2245,4878,Biesiebult,2017/02/25 22:45,2017/02/25, 22:45:17,Buthidae,Parabuthus,granulatus,2,"L. Prendini, 2017",South Africa,Northern Cape Prov.,Victoria West Distr.,"Farm Biesiesbult 253, W of Marthasput railway siding, 7 km from homestead",3122BB,"31°06'38.6""S","22°46'09.4""E",-31.11072222,22.76927778,"31°06'20.7""S","22°46'09.3""E",-31.10575,22.76925,12981303 m,25,2,2017,,,,"L. Prendini, R. Christiaan, J.R. & S. Schlebusch",Eastern Upper Karoo,Upper Karoo Bioregion,"Nama karoo on flat plain, intersected by sandy wash and punctuated by rocky sandstone ridge and small dolerite (ironstone) koppies, fine sand to sandy-loam on plain, coarser sandy-loam on slopes of rocky ridge","night, UV light detection","windy, moonless night","juvs uncommon, walking on ground on sandy plain"
3105_2245,4878,Biesiebult,2017/02/25 22:45,2017/02/25, 22:45:17,Buthidae,Uroplectes,carinatus,53,"L. Prendini, 2017",South Africa,Northern Cape Prov.,Victoria West Distr.,"Farm Biesiesbult 253, W of Marthasput railway siding, 7 km from homestead",3122BB,"31°06'38.6""S","22°46'09.4""E",-31.11072222,22.76927778,"31°06'20.7""S","22°46'09.3""E",-31.10575,22.76925,12981303 m,25,2,2017,,,,"L. Prendini, R. Christiaan, J.R. & S. Schlebusch",Eastern Upper Karoo,Upper Karoo Bioregion,"Nama karoo on flat plain, intersected by sandy wash and punctuated by rocky sandstone ridge and small dolerite (ironstone) koppies, fine sand to sandy-loam on plain, coarser sandy-loam on slopes of rocky ridge","night, UV light detection","windy, moonless night",specimens very common walking on ground or sitting in bushes on sandy plain and dry riverbed
3105_2245,4878,Biesiebult,2017/02/25 22:45,2017/02/25, 22:45:17,Scorpionidae,Opistophthalmus,sp.,1,"L. Prendini, 2017",South Africa,Northern Cape Prov.,Victoria West Distr.,"Farm Biesiesbult 253, W of Marthasput railway siding, 7 km from homestead",3122BB,"31°06'38.6""S","22°46'09.4""E",-31.11072222,22.76927778,"31°06'20.7""S","22°46'09.3""E",-31.10575,22.76925,12981303 m,25,2,2017,26,2,2017,L. Prendini & R. Christiaan,Eastern Upper Karoo,Upper Karoo Bioregion,"Nama karoo on flat plain, intersected by sandy wash and punctuated by rocky sandstone ridge and small dolerite (ironstone) koppies, fine sand to sandy-loam on plain, coarser sandy-loam on slopes of rocky ridge","day, burrow excavation",,"specimens fairly common, excavated during daytime from burrows (ca. 2040 cm deep) at base of small stones or in open ground, at base or on lower slopes of rocky ridge, one female spotted doorkeeping with UV light detection and excavated at night"
3105_2245,4878,Biesiebult,2017/02/25 22:45,2017/02/25, 22:45:19,Buthidae,Parabuthus,capensis,6,"L. Prendini, 2017",South Africa,Northern Cape Prov.,Victoria West Distr.,"Farm Biesiesbult 253, W of Marthasput railway siding, 7 km from homestead",3122BB,"31°06'38.6""S","22°46'09.4""E",-31.11072222,22.76927778,"31°06'20.7""S","22°46'09.3""E",-31.10575,22.76925,12981303 m,25,2,2017,,,,"L. Prendini, R. Christiaan, J.R. & S. Schlebusch",Eastern Upper Karoo,Upper Karoo Bioregion,"Nama karoo on flat plain, intersected by sandy wash and punctuated by rocky sandstone ridge and small dolerite (ironstone) koppies, fine sand to sandy-loam on plain, coarser sandy-loam on slopes of rocky ridge","night, UV light detection","windy, moonless night","specimens moderately common, walking on ground or sitting in bushes on sandy plain and dry riverbed"
3105_2245,4878,Biesiebult,2017/02/25 22:45,2017/02/25, 22:45:19,Buthidae,Parabuthus,granulatus,2,"L. Prendini, 2017",South Africa,Northern Cape Prov.,Victoria West Distr.,"Farm Biesiesbult 253, W of Marthasput railway siding, 7 km from homestead",3122BB,"31°06'38.6""S","22°46'09.4""E",-31.11072222,22.76927778,"31°06'20.7""S","22°46'09.3""E",-31.10575,22.76925,12981303 m,25,2,2017,,,,"L. Prendini, R. Christiaan, J.R. & S. Schlebusch",Eastern Upper Karoo,Upper Karoo Bioregion,"Nama karoo on flat plain, intersected by sandy wash and punctuated by rocky sandstone ridge and small dolerite (ironstone) koppies, fine sand to sandy-loam on plain, coarser sandy-loam on slopes of rocky ridge","night, UV light detection","windy, moonless night","juvs uncommon, walking on ground on sandy plain"
3105_2245,4878,Biesiebult,2017/02/25 22:45,2017/02/25, 22:45:19,Buthidae,Parabuthus,nanus,3,"L. Prendini, 2017",South Africa,Northern Cape Prov.,Victoria West Distr.,"Farm Biesiesbult 253, W of Marthasput railway siding, 7 km from homestead",3122BB,"31°06'38.6""S","22°46'09.4""E",-31.11072222,22.76927778,"31°06'20.7""S","22°46'09.3""E",-31.10575,22.76925,12981303 m,25,2,2017,,,,"L. Prendini, R. Christiaan, J.R. & S. Schlebusch",Eastern Upper Karoo,Upper Karoo Bioregion,"Nama karoo on flat plain, intersected by sandy wash and punctuated by rocky sandstone ridge and small dolerite (ironstone) koppies, fine sand to sandy-loam on plain, coarser sandy-loam on slopes of rocky ridge","night, UV light detection","windy, moonless night","specimens uncommon, walking/sitting on ground in dry, sandy riverbed"
3105_2245,4878,Biesiebult,2017/02/25 22:45,2017/02/25, 22:45:19,Buthidae,Uroplectes,carinatus,31,"L. Prendini, 2017",South Africa,Northern Cape Prov.,Victoria West Distr.,"Farm Biesiesbult 253, W of Marthasput railway siding, 7 km from homestead",3122BB,"31°06'38.6""S","22°46'09.4""E",-31.11072222,22.76927778,"31°06'20.7""S","22°46'09.3""E",-31.10575,22.76925,12981303 m,25,2,2017,,,,"L. Prendini, R. Christiaan, J.R. & S. Schlebusch",Eastern Upper Karoo,Upper Karoo Bioregion,"Nama karoo on flat plain, intersected by sandy wash and punctuated by rocky sandstone ridge and small dolerite (ironstone) koppies, fine sand to sandy-loam on plain, coarser sandy-loam on slopes of rocky ridge","night, UV light detection","windy, moonless night",specimens very common walking on ground or sitting in bushes on sandy plain and dry riverbed
3105_2245,4878,Biesiebult,2017/02/26 11:52,2017/02/26, 11:52:34,Scorpionidae,Opistophthalmus,karrooensis,5,"L. Prendini, 2017",South Africa,Northern Cape Prov.,Victoria West Distr.,"Farm Biesiesbult 253, W of Marthasput railway siding, 7 km from homestead",3122BB,"31°06'38.6""S","22°46'09.4""E",-31.11072222,22.76927778,"31°06'20.7""S","22°46'09.3""E",-31.10575,22.76925,12981303 m,25,2,2017,26,2,2017,L. Prendini & R. Christiaan,Eastern Upper Karoo,Upper Karoo Bioregion,"Nama karoo on flat plain, intersected by sandy wash and punctuated by rocky sandstone ridge and small dolerite (ironstone) koppies, fine sand to sandy-loam on plain, coarser sandy-loam on slopes of rocky ridge","day, rock-rolling",,specimens in shallow scrapes under stones on rocky ridge
3105_2245,4878,Biesiebult,2017/02/26 11:53,2017/02/26, 11:53:48,Scorpionidae,Opistophthalmus,sp.,7,"L. Prendini, 2017",South Africa,Northern Cape Prov.,Victoria West Distr.,"Farm Biesiesbult 253, W of Marthasput railway siding, 7 km from homestead",3122BB,"31°06'38.6""S","22°46'09.4""E",-31.11072222,22.76927778,"31°06'20.7""S","22°46'09.3""E",-31.10575,22.76925,12981303 m,25,2,2017,26,2,2017,L. Prendini & R. Christiaan,Eastern Upper Karoo,Upper Karoo Bioregion,"Nama karoo on flat plain, intersected by sandy wash and punctuated by rocky sandstone ridge and small dolerite (ironstone) koppies, fine sand to sandy-loam on plain, coarser sandy-loam on slopes of rocky ridge","day, burrow excavation",,"specimens fairly common, excavated during daytime from burrows (ca. 2040 cm deep) at base of small stones or in open ground, at base or on lower slopes of rocky ridge, one female spotted doorkeeping with UV light detection and excavated at night"
3105_2245,4878,Biesiebult,,,,Scorpionidae,Opistophthalmus,karrooensis,11,"L. Prendini, 2017",South Africa,Northern Cape Prov.,Victoria West Distr.,"Farm Biesiesbult 253, W of Marthasput railway siding, 7 km from homestead",3122BB,"31°06'38.6""S","22°46'09.4""E",-31.11072222,22.76927778,"31°06'20.7""S","22°46'09.3""E",-31.10575,22.76925,12981303 m,25,2,2017,26,2,2017,L. Prendini & R. Christiaan,Eastern Upper Karoo,Upper Karoo Bioregion,"Nama karoo on flat plain, intersected by sandy wash and punctuated by rocky sandstone ridge and small dolerite (ironstone) koppies, fine sand to sandy-loam on plain, coarser sandy-loam on slopes of rocky ridge","day, rock-rolling",,specimens in shallow scrapes under stones on rocky ridge
3105_2245,4878,Biesiebult,,,,Scorpionidae,Opistophthalmus,sp.,10,"L. Prendini, 2017",South Africa,Northern Cape Prov.,Victoria West Distr.,"Farm Biesiesbult 253, W of Marthasput railway siding, 7 km from homestead",3122BB,"31°06'38.6""S","22°46'09.4""E",-31.11072222,22.76927778,"31°06'20.7""S","22°46'09.3""E",-31.10575,22.76925,12981303 m,25,2,2017,26,2,2017,L. Prendini & R. Christiaan,Eastern Upper Karoo,Upper Karoo Bioregion,"Nama karoo on flat plain, intersected by sandy wash and punctuated by rocky sandstone ridge and small dolerite (ironstone) koppies, fine sand to sandy-loam on plain, coarser sandy-loam on slopes of rocky ridge","day, burrow excavation",,"specimens fairly common, excavated during daytime from burrows (ca. 2040 cm deep) at base of small stones or in open ground, at base or on lower slopes of rocky ridge, one female spotted doorkeeping with UV light detection and excavated at night"
3105_2245,4878,,,,,Buthidae,Parabuthus,capensis,1,"L. Prendini, 2017",South Africa,Northern Cape Prov.,Victoria West Distr.,"Farm Biesiesbult 253, windpump, SSW of Marthasput railway siding, 6 km from homestead",3122BB,"31°06'49""S","22°46'41.3""E",-31.11361111,22.77813889,,,,,1286 m,25,2,2017,,,,"L. Prendini, R. Christiaan, J.R. & S. Schlebusch",Eastern Upper Karoo,Upper Karoo Bioregion,"Nama karoo on flat plain with pans, small spiny bushes on hard, yellowish-grey clayey-loam","night, UV light detection","windy, moonless night",specimen walking on ground surface
3105_2245,4878,,,,,Buthidae,Parabuthus,capensis,2,"L. Prendini, 2017",South Africa,Northern Cape Prov.,Victoria West Distr.,"Farm Biesiesbult 253, homestead, rocky fountain behind",3122BB,"31°05'06.5""S","22°49'04.3""E",-31.08513889,22.81786111,,,,,1260 m,25,2,2017,,,,"L. Prendini, R. Christiaan, J.R. & S. Schlebusch",Eastern Upper Karoo,Upper Karoo Bioregion,"Nama karoo on low rocky flats surrounding natural spring (fountain), Salsola and spiny bushes on sodic/chalky-loam soil, many flat sandstone rocks, loose or partially embedded in ground, area somewhat disturbed behind homestead","night, UV light detection","cold, still, moonless night",specimens sitting/walking on ground and bushes
3105_2245,4878,,,,,Buthidae,Uroplectes,carinatus,9,"L. Prendini, 2017",South Africa,Northern Cape Prov.,Victoria West Distr.,"Farm Biesiesbult 253, homestead, rocky fountain behind",3122BB,"31°05'06.5""S","22°49'04.3""E",-31.08513889,22.81786111,,,,,1260 m,25,2,2017,,,,"L. Prendini, R. Christiaan, J.R. & S. Schlebusch",Eastern Upper Karoo,Upper Karoo Bioregion,"Nama karoo on low rocky flats surrounding natural spring (fountain), Salsola and spiny bushes on sodic/chalky-loam soil, many flat sandstone rocks, loose or partially embedded in ground, area somewhat disturbed behind homestead","night, UV light detection","cold, still, moonless night",specimens sitting/walking on ground and bushes
3105_2245,4878,,,,,Scorpionidae,Opistophthalmus,carinatus,15,"L. Prendini, 2017",South Africa,Northern Cape Prov.,Victoria West Distr.,"Farm Biesiesbult 253, homestead, rocky fountain behind",3122BB,"31°05'06.5""S","22°49'04.3""E",-31.08513889,22.81786111,,,,,1260 m,26,2,2017,,,,"L. Prendini, R. Christiaan, J.R. & S. Schlebusch",Eastern Upper Karoo,Upper Karoo Bioregion,"Nama karoo on low rocky flats surrounding natural spring (fountain), Salsola and spiny bushes on sodic/chalky-loam soil, many flat sandstone rocks, loose or partially embedded in ground, area somewhat disturbed behind homestead","day, rock-rolling and burrow excavation",,"specimens very common in shallow burrows (ca. 1020 cm deep) under stones, one male in scrape under stone"
3105_2245,4878,,,,,Scorpionidae,Opistophthalmus,pictus,11,"L. Prendini, 2017",South Africa,Northern Cape Prov.,Victoria West Distr.,"Farm Biesiesbult 253, windpump, SSW of Marthasput railway siding, 6 km from homestead",3122BB,"31°06'49""S","22°46'41.3""E",-31.11361111,22.77813889,,,,,1286 m,26,2,2017,,,,L. Prendini & R. Christiaan,Eastern Upper Karoo,Upper Karoo Bioregion,"Nama karoo on flat plain with pans, small spiny bushes on hard, yellowish-grey clayey-loam","day, burrow excavation",,"male under crate in morning, females excavated from burrows, ca. 30 cm deep, in open ground"
3105_2245,4878,,,,,Scorpionidae,Opistophthalmus,pictus,3,"L. Prendini, 2017",South Africa,Northern Cape Prov.,Victoria West Distr.,"Farm Biesiesbult 253, E of Marthasput railway siding, 2 km S homestead",3122BB,"31°06'02.8""S","22°48'53""E",-31.10077778,22.81472222,,,,,1273 m,26,2,2017,,,,L. Prendini & R. Christiaan,Eastern Upper Karoo,Upper Karoo Bioregion,"Nama karoo on flat plain with pans, small spiny bushes and grasses on hard, grey clayey-loam to chalky-loam soil with calcrete nodes in places, recently rained","day, burrow excavation",,"specimens excavated from burrows, ca. 3050 cm deep, in open ground"
